Time,BBB CPU [degC],RPi CPU [degC]
2018/06/20-20:10:24 (+0000),35.5,47.236
2018/06/20-20:10:24 (+0000),35.5,46.16
2018/06/20-20:10:25 (+0000),35.562,46.16
2018/06/20-20:10:26 (+0000),35.562,45.622
2018/06/20-20:10:27 (+0000),35.562,45.622
2018/06/20-20:10:28 (+0000),35.562,46.16
2018/06/20-20:10:29 (+0000),35.562,46.16
2018/06/20-20:10:30 (+0000),35.562,46.16
2018/06/20-20:10:31 (+0000),35.562,45.622
2018/06/20-20:10:31 (+0000),35.562,46.16
2018/06/20-20:10:32 (+0000),35.562,45.622
2018/06/20-20:10:33 (+0000),35.562,45.622
2018/06/20-20:10:34 (+0000),35.562,46.16
2018/06/20-20:10:35 (+0000),35.562,45.622
2018/06/20-20:10:36 (+0000),35.562,46.16
2018/06/20-20:10:37 (+0000),35.562,46.16
2018/06/20-20:10:38 (+0000),35.562,46.16
2018/06/20-20:10:39 (+0000),35.562,46.16
2018/06/20-20:10:39 (+0000),35.562,46.16
2018/06/20-20:10:40 (+0000),35.562,45.084
2018/06/20-20:10:41 (+0000),35.562,45.622
2018/06/20-20:10:42 (+0000),35.625,46.16
2018/06/20-20:10:43 (+0000),35.625,45.622
2018/06/20-20:10:44 (+0000),35.625,46.16
2018/06/20-20:10:45 (+0000),35.625,46.16
2018/06/20-20:10:46 (+0000),35.625,45.622
2018/06/20-20:10:46 (+0000),35.625,45.622
2018/06/20-20:10:47 (+0000),35.625,46.16
2018/06/20-20:10:48 (+0000),35.625,45.622
2018/06/20-20:10:49 (+0000),35.625,46.16
2018/06/20-20:10:50 (+0000),35.687,45.084
2018/06/20-20:10:51 (+0000),35.687,46.16
2018/06/20-20:10:52 (+0000),35.687,46.16
2018/06/20-20:10:53 (+0000),35.687,45.084
2018/06/20-20:10:54 (+0000),35.687,45.622
2018/06/20-20:10:54 (+0000),35.687,45.084
2018/06/20-20:10:55 (+0000),35.687,46.16
2018/06/20-20:10:56 (+0000),35.812,46.16
2018/06/20-20:10:57 (+0000),35.937,45.622
2018/06/20-20:10:58 (+0000),36.062,46.16
2018/06/20-20:10:59 (+0000),36.125,46.16
2018/06/20-20:11:00 (+0000),36.25,45.622
2018/06/20-20:11:01 (+0000),36.375,45.622
2018/06/20-20:11:01 (+0000),36.437,46.16
2018/06/20-20:11:02 (+0000),36.562,46.16
2018/06/20-20:11:03 (+0000),36.625,45.084
2018/06/20-20:11:04 (+0000),36.687,45.622
2018/06/20-20:11:05 (+0000),36.812,45.622
2018/06/20-20:11:06 (+0000),36.875,45.622
2018/06/20-20:11:07 (+0000),36.937,45.622
2018/06/20-20:11:08 (+0000),37,45.622
2018/06/20-20:11:09 (+0000),37.062,45.084
2018/06/20-20:11:09 (+0000),37.125,45.622
2018/06/20-20:11:10 (+0000),37.187,45.622
2018/06/20-20:11:11 (+0000),37.25,45.622
2018/06/20-20:11:12 (+0000),37.312,45.084
2018/06/20-20:11:13 (+0000),37.375,45.622
2018/06/20-20:11:14 (+0000),37.437,45.084
2018/06/20-20:11:15 (+0000),37.5,45.622
2018/06/20-20:11:16 (+0000),37.5,45.622
2018/06/20-20:11:16 (+0000),37.562,45.622
2018/06/20-20:11:17 (+0000),37.625,45.622
2018/06/20-20:11:18 (+0000),37.625,45.622
2018/06/20-20:11:19 (+0000),37.687,45.084
2018/06/20-20:11:20 (+0000),37.75,45.622
2018/06/20-20:11:21 (+0000),37.75,45.622
2018/06/20-20:11:22 (+0000),37.812,45.084
2018/06/20-20:11:23 (+0000),37.812,45.084
2018/06/20-20:11:23 (+0000),37.875,45.084
2018/06/20-20:11:24 (+0000),37.937,45.622
2018/06/20-20:11:25 (+0000),37.937,45.084
2018/06/20-20:11:26 (+0000),37.937,45.084
2018/06/20-20:11:27 (+0000),38,45.622
2018/06/20-20:11:28 (+0000),38,45.084
2018/06/20-20:11:29 (+0000),38.062,45.084
2018/06/20-20:11:30 (+0000),38.062,45.622
2018/06/20-20:11:31 (+0000),38.125,46.16
2018/06/20-20:11:31 (+0000),38.125,45.622
2018/06/20-20:11:32 (+0000),38.187,45.084
2018/06/20-20:11:33 (+0000),38.187,45.622
2018/06/20-20:11:34 (+0000),38.187,46.16
2018/06/20-20:11:35 (+0000),38.25,45.622
2018/06/20-20:11:36 (+0000),38.25,45.622
2018/06/20-20:11:37 (+0000),38.25,45.084
2018/06/20-20:11:38 (+0000),38.25,45.084
2018/06/20-20:11:38 (+0000),38.312,45.622
2018/06/20-20:11:39 (+0000),38.312,45.622
2018/06/20-20:11:40 (+0000),38.312,45.622
2018/06/20-20:11:41 (+0000),38.312,45.622
2018/06/20-20:11:42 (+0000),38.375,46.16
2018/06/20-20:11:43 (+0000),38.375,46.16
2018/06/20-20:11:44 (+0000),38.375,46.16
2018/06/20-20:11:45 (+0000),38.375,45.084
2018/06/20-20:11:46 (+0000),38.437,45.084
2018/06/20-20:11:47 (+0000),38.437,45.084
2018/06/20-20:11:48 (+0000),38.5,45.084
2018/06/20-20:11:49 (+0000),38.5,45.622
2018/06/20-20:11:50 (+0000),38.5,45.622
2018/06/20-20:11:51 (+0000),38.562,45.084
2018/06/20-20:11:52 (+0000),38.562,45.622
2018/06/20-20:11:53 (+0000),38.562,46.16
2018/06/20-20:11:53 (+0000),38.625,45.084
2018/06/20-20:11:54 (+0000),38.625,45.084
2018/06/20-20:11:55 (+0000),38.625,45.622
2018/06/20-20:11:56 (+0000),38.625,45.622
2018/06/20-20:11:57 (+0000),38.687,45.622
2018/06/20-20:11:58 (+0000),38.625,45.622
2018/06/20-20:11:59 (+0000),38.562,45.622
2018/06/20-20:12:00 (+0000),38.437,45.622
2018/06/20-20:12:00 (+0000),38.312,45.622
2018/06/20-20:12:01 (+0000),38.187,45.622
2018/06/20-20:12:02 (+0000),38.062,45.084
2018/06/20-20:12:03 (+0000),37.937,45.084
2018/06/20-20:12:04 (+0000),37.875,45.084
2018/06/20-20:12:05 (+0000),37.812,45.084
2018/06/20-20:12:06 (+0000),37.75,45.084
2018/06/20-20:12:07 (+0000),37.687,45.622
2018/06/20-20:12:07 (+0000),37.625,45.084
2018/06/20-20:12:08 (+0000),37.562,45.084
2018/06/20-20:12:09 (+0000),37.5,46.16
2018/06/20-20:12:10 (+0000),37.437,45.622
2018/06/20-20:12:11 (+0000),37.375,45.622
2018/06/20-20:12:12 (+0000),37.312,45.084
2018/06/20-20:12:13 (+0000),37.312,45.622
2018/06/20-20:12:14 (+0000),37.25,45.622
2018/06/20-20:12:15 (+0000),37.187,45.622
2018/06/20-20:12:15 (+0000),37.187,45.084
2018/06/20-20:12:16 (+0000),37.125,45.084
2018/06/20-20:12:17 (+0000),37.062,45.084
2018/06/20-20:12:18 (+0000),37.062,46.16
2018/06/20-20:12:19 (+0000),37,45.622
2018/06/20-20:12:20 (+0000),37,45.084
2018/06/20-20:12:21 (+0000),36.937,45.622
2018/06/20-20:12:22 (+0000),36.937,45.084
2018/06/20-20:12:23 (+0000),36.875,45.622
2018/06/20-20:12:23 (+0000),36.875,45.084
2018/06/20-20:12:24 (+0000),36.812,45.084
2018/06/20-20:12:25 (+0000),36.812,45.622
2018/06/20-20:12:26 (+0000),36.75,45.084
2018/06/20-20:12:27 (+0000),36.75,45.084
2018/06/20-20:12:28 (+0000),36.687,45.084
2018/06/20-20:12:29 (+0000),36.687,45.084
2018/06/20-20:12:30 (+0000),36.687,45.622
2018/06/20-20:12:30 (+0000),36.687,45.622
2018/06/20-20:12:31 (+0000),36.625,45.084
2018/06/20-20:12:32 (+0000),36.625,45.084
2018/06/20-20:12:33 (+0000),36.625,45.084
2018/06/20-20:12:34 (+0000),36.625,45.084
2018/06/20-20:12:35 (+0000),36.562,45.622
2018/06/20-20:12:37 (+0000),36.562,45.622
2018/06/20-20:12:37 (+0000),36.562,45.622
2018/06/20-20:12:38 (+0000),36.5,45.622
2018/06/20-20:12:39 (+0000),36.5,45.084
2018/06/20-20:12:40 (+0000),36.5,45.622
2018/06/20-20:12:41 (+0000),36.5,45.084
2018/06/20-20:12:42 (+0000),36.5,45.084
2018/06/20-20:12:43 (+0000),36.5,45.084
2018/06/20-20:12:44 (+0000),36.437,45.084
2018/06/20-20:12:45 (+0000),36.437,45.622
2018/06/20-20:12:45 (+0000),36.437,45.622
2018/06/20-20:12:46 (+0000),36.437,45.084
2018/06/20-20:12:47 (+0000),36.375,45.622
2018/06/20-20:12:48 (+0000),36.375,45.622
2018/06/20-20:12:49 (+0000),36.375,45.084
2018/06/20-20:12:50 (+0000),36.375,45.622
2018/06/20-20:12:51 (+0000),36.375,45.084
2018/06/20-20:12:52 (+0000),36.375,46.16
2018/06/20-20:12:52 (+0000),36.375,45.084
2018/06/20-20:12:53 (+0000),36.312,45.084
2018/06/20-20:12:54 (+0000),36.312,45.084
2018/06/20-20:12:55 (+0000),36.312,45.084
2018/06/20-20:12:56 (+0000),36.312,45.084
2018/06/20-20:12:57 (+0000),36.312,45.084
2018/06/20-20:12:58 (+0000),36.312,45.622
2018/06/20-20:12:59 (+0000),36.312,45.084
2018/06/20-20:12:59 (+0000),36.25,45.084
2018/06/20-20:13:00 (+0000),36.25,45.084
2018/06/20-20:13:01 (+0000),36.25,45.084
2018/06/20-20:13:02 (+0000),36.25,45.084
2018/06/20-20:13:03 (+0000),36.25,45.084
2018/06/20-20:13:04 (+0000),36.25,45.622
2018/06/20-20:13:05 (+0000),36.25,45.084
2018/06/20-20:13:06 (+0000),36.25,45.084
2018/06/20-20:13:07 (+0000),36.25,45.084
2018/06/20-20:13:07 (+0000),36.25,45.622
2018/06/20-20:13:08 (+0000),36.187,45.622
2018/06/20-20:13:09 (+0000),36.187,45.084
2018/06/20-20:13:10 (+0000),36.187,45.084
2018/06/20-20:13:11 (+0000),36.187,45.084
2018/06/20-20:13:12 (+0000),36.187,45.084
2018/06/20-20:13:13 (+0000),36.125,45.084
2018/06/20-20:13:14 (+0000),36.187,45.084
2018/06/20-20:13:14 (+0000),36.187,45.622
2018/06/20-20:13:15 (+0000),36.187,45.622
2018/06/20-20:13:16 (+0000),36.187,45.084
2018/06/20-20:13:17 (+0000),36.187,45.622
2018/06/20-20:13:18 (+0000),36.187,45.622
2018/06/20-20:13:19 (+0000),36.187,45.084
2018/06/20-20:13:20 (+0000),36.187,45.084
2018/06/20-20:13:21 (+0000),36.125,45.622
2018/06/20-20:13:21 (+0000),36.125,45.622
2018/06/20-20:13:22 (+0000),36.125,45.622
2018/06/20-20:13:23 (+0000),36.125,45.084
2018/06/20-20:13:24 (+0000),36.125,45.084
2018/06/20-20:13:25 (+0000),36.125,45.622
2018/06/20-20:13:26 (+0000),36.125,45.622
2018/06/20-20:13:27 (+0000),36.125,45.084
2018/06/20-20:13:28 (+0000),36.125,45.084
2018/06/20-20:13:29 (+0000),36.125,45.622
2018/06/20-20:13:29 (+0000),36.125,45.084
2018/06/20-20:13:30 (+0000),36.125,45.622
2018/06/20-20:13:31 (+0000),36.125,45.084
2018/06/20-20:13:32 (+0000),36.125,45.622
2018/06/20-20:13:33 (+0000),36.125,45.084
2018/06/20-20:13:34 (+0000),36.125,46.16
2018/06/20-20:13:35 (+0000),36.125,45.622
2018/06/20-20:13:36 (+0000),36.125,45.084
2018/06/20-20:13:37 (+0000),36.062,45.622
2018/06/20-20:13:37 (+0000),36.125,45.084
2018/06/20-20:13:38 (+0000),36.125,45.084
2018/06/20-20:13:39 (+0000),36.125,45.622
2018/06/20-20:13:40 (+0000),36.125,45.622
2018/06/20-20:13:41 (+0000),36.062,45.622
2018/06/20-20:13:43 (+0000),36.062,45.084
2018/06/20-20:13:44 (+0000),36.062,46.16
2018/06/20-20:13:44 (+0000),36.062,45.084
2018/06/20-20:13:45 (+0000),36.062,45.084
2018/06/20-20:13:46 (+0000),36.062,45.622
2018/06/20-20:13:47 (+0000),36.062,45.622
2018/06/20-20:13:48 (+0000),36.062,45.084
2018/06/20-20:13:49 (+0000),36.062,45.084
2018/06/20-20:13:50 (+0000),36.062,45.622
2018/06/20-20:13:51 (+0000),36.062,46.16
2018/06/20-20:13:51 (+0000),36.062,45.622
2018/06/20-20:13:52 (+0000),36.062,46.16
2018/06/20-20:13:53 (+0000),36.062,45.084
2018/06/20-20:13:54 (+0000),36.062,45.084
2018/06/20-20:13:55 (+0000),36.062,45.084
2018/06/20-20:13:56 (+0000),36.062,45.084
2018/06/20-20:13:57 (+0000),36.062,45.084
2018/06/20-20:13:58 (+0000),36.062,45.084
2018/06/20-20:13:59 (+0000),36.062,45.084
2018/06/20-20:13:59 (+0000),36.062,45.622
2018/06/20-20:14:00 (+0000),36.062,45.084
2018/06/20-20:14:01 (+0000),36.062,45.084
2018/06/20-20:14:02 (+0000),36.062,46.16
2018/06/20-20:14:03 (+0000),36.062,45.622
2018/06/20-20:14:04 (+0000),36.062,45.622
2018/06/20-20:14:05 (+0000),36.062,45.084
2018/06/20-20:14:06 (+0000),36.062,45.084
2018/06/20-20:14:06 (+0000),36.062,45.622
2018/06/20-20:14:07 (+0000),36.062,45.622
2018/06/20-20:14:08 (+0000),36.062,45.084
2018/06/20-20:14:09 (+0000),36.062,45.084
2018/06/20-20:14:10 (+0000),36.062,45.622
2018/06/20-20:14:11 (+0000),36.062,45.622
2018/06/20-20:14:12 (+0000),36.062,45.084
2018/06/20-20:14:13 (+0000),36.062,46.16
2018/06/20-20:14:13 (+0000),36.062,45.622
2018/06/20-20:14:14 (+0000),36.062,45.622
2018/06/20-20:14:15 (+0000),36.062,45.622
2018/06/20-20:14:16 (+0000),36.125,45.622
2018/06/20-20:14:17 (+0000),36.125,45.084
2018/06/20-20:14:18 (+0000),36.125,45.622
2018/06/20-20:14:19 (+0000),36.125,45.622
2018/06/20-20:14:20 (+0000),36.125,45.622
2018/06/20-20:14:21 (+0000),36.125,45.622
2018/06/20-20:14:21 (+0000),36.125,45.084
2018/06/20-20:14:22 (+0000),36.125,45.622
2018/06/20-20:14:23 (+0000),36.125,45.622
2018/06/20-20:14:24 (+0000),36.125,46.16
2018/06/20-20:14:25 (+0000),36.125,45.622
2018/06/20-20:14:26 (+0000),36.125,45.622
2018/06/20-20:14:27 (+0000),36.125,45.084
2018/06/20-20:14:28 (+0000),36.125,46.16
2018/06/20-20:14:28 (+0000),36.125,45.622
2018/06/20-20:14:29 (+0000),36.125,45.622
2018/06/20-20:14:30 (+0000),36.187,46.16
2018/06/20-20:14:31 (+0000),36.312,45.622
2018/06/20-20:14:32 (+0000),36.375,45.622
2018/06/20-20:14:33 (+0000),36.5,46.16
2018/06/20-20:14:34 (+0000),36.625,46.16
2018/06/20-20:14:35 (+0000),36.687,45.622
2018/06/20-20:14:35 (+0000),36.812,46.16
2018/06/20-20:14:36 (+0000),36.937,45.622
2018/06/20-20:14:37 (+0000),37,45.084
2018/06/20-20:14:38 (+0000),37.125,45.622
2018/06/20-20:14:39 (+0000),37.187,45.622
2018/06/20-20:14:40 (+0000),37.25,45.622
2018/06/20-20:14:41 (+0000),37.312,46.16
2018/06/20-20:14:42 (+0000),37.437,46.16
2018/06/20-20:14:43 (+0000),37.5,45.622
2018/06/20-20:14:43 (+0000),37.562,46.16
2018/06/20-20:14:44 (+0000),37.625,46.16
2018/06/20-20:14:45 (+0000),37.687,45.622
2018/06/20-20:14:46 (+0000),37.75,45.622
2018/06/20-20:14:47 (+0000),37.812,46.16
2018/06/20-20:14:48 (+0000),37.875,46.16
2018/06/20-20:14:49 (+0000),37.937,45.622
2018/06/20-20:14:50 (+0000),38,45.084
2018/06/20-20:14:50 (+0000),38,46.16
2018/06/20-20:14:51 (+0000),38.062,45.084
2018/06/20-20:14:52 (+0000),38.125,46.16
2018/06/20-20:14:53 (+0000),38.187,46.16
2018/06/20-20:14:54 (+0000),38.187,45.622
2018/06/20-20:14:55 (+0000),38.25,45.084
2018/06/20-20:14:56 (+0000),38.312,46.16
2018/06/20-20:14:57 (+0000),38.312,45.622
2018/06/20-20:14:58 (+0000),38.375,45.084
2018/06/20-20:14:58 (+0000),38.437,46.16
2018/06/20-20:14:59 (+0000),38.437,45.622
2018/06/20-20:15:00 (+0000),38.5,46.16
2018/06/20-20:15:01 (+0000),38.5,45.622
2018/06/20-20:15:02 (+0000),38.562,46.16
2018/06/20-20:15:03 (+0000),38.562,46.16
2018/06/20-20:15:04 (+0000),38.625,46.16
2018/06/20-20:15:05 (+0000),38.625,45.084
2018/06/20-20:15:05 (+0000),38.687,45.622
2018/06/20-20:15:06 (+0000),38.687,45.622
2018/06/20-20:15:07 (+0000),38.75,45.084
2018/06/20-20:15:08 (+0000),38.75,46.16
2018/06/20-20:15:09 (+0000),38.812,46.16
2018/06/20-20:15:10 (+0000),38.812,45.622
2018/06/20-20:15:11 (+0000),38.875,45.622
2018/06/20-20:15:12 (+0000),38.875,46.16
2018/06/20-20:15:13 (+0000),38.937,45.084
2018/06/20-20:15:13 (+0000),38.937,46.16
2018/06/20-20:15:14 (+0000),38.937,45.622
2018/06/20-20:15:15 (+0000),39,45.084
2018/06/20-20:15:16 (+0000),39,46.16
2018/06/20-20:15:17 (+0000),39.062,46.16
2018/06/20-20:15:18 (+0000),39.062,45.622
2018/06/20-20:15:19 (+0000),39.062,45.622
2018/06/20-20:15:20 (+0000),39.125,45.084
2018/06/20-20:15:20 (+0000),39.125,45.622
2018/06/20-20:15:21 (+0000),39.125,46.16
2018/06/20-20:15:22 (+0000),39.187,46.16
2018/06/20-20:15:23 (+0000),39.187,45.622
2018/06/20-20:15:24 (+0000),39.187,46.16
2018/06/20-20:15:25 (+0000),39.25,45.622
2018/06/20-20:15:26 (+0000),39.25,45.622
2018/06/20-20:15:27 (+0000),39.25,45.622
2018/06/20-20:15:27 (+0000),39.312,45.622
2018/06/20-20:15:28 (+0000),39.312,46.16
2018/06/20-20:15:29 (+0000),39.312,45.622
2018/06/20-20:15:30 (+0000),39.375,45.622
2018/06/20-20:15:31 (+0000),39.375,46.16
2018/06/20-20:15:32 (+0000),39.375,46.16
2018/06/20-20:15:33 (+0000),39.437,46.16
2018/06/20-20:15:34 (+0000),39.437,45.622
2018/06/20-20:15:35 (+0000),39.437,46.16
2018/06/20-20:15:35 (+0000),39.5,45.622
2018/06/20-20:15:36 (+0000),39.5,46.16
2018/06/20-20:15:37 (+0000),39.5,46.16
2018/06/20-20:15:38 (+0000),39.5,46.16
2018/06/20-20:15:39 (+0000),39.5,46.16
2018/06/20-20:15:40 (+0000),39.562,45.622
2018/06/20-20:15:41 (+0000),39.562,46.16
2018/06/20-20:15:42 (+0000),39.562,45.622
2018/06/20-20:15:42 (+0000),39.625,45.622
2018/06/20-20:15:43 (+0000),39.625,46.16
2018/06/20-20:15:44 (+0000),39.625,45.622
2018/06/20-20:15:45 (+0000),39.687,46.16
2018/06/20-20:15:46 (+0000),39.687,46.16
2018/06/20-20:15:47 (+0000),39.687,45.622
2018/06/20-20:15:48 (+0000),39.687,45.622
2018/06/20-20:15:49 (+0000),39.75,46.16
2018/06/20-20:15:49 (+0000),39.75,46.16
2018/06/20-20:15:50 (+0000),39.75,46.16
2018/06/20-20:15:51 (+0000),39.75,45.622
2018/06/20-20:15:52 (+0000),39.812,45.084
2018/06/20-20:15:53 (+0000),39.812,46.16
2018/06/20-20:15:54 (+0000),39.812,46.16
2018/06/20-20:15:55 (+0000),39.812,46.16
2018/06/20-20:15:56 (+0000),39.875,45.622
2018/06/20-20:15:57 (+0000),39.875,45.622
2018/06/20-20:15:57 (+0000),39.875,45.622
2018/06/20-20:15:58 (+0000),39.875,46.16
2018/06/20-20:15:59 (+0000),39.875,45.622
2018/06/20-20:16:00 (+0000),39.937,46.16
2018/06/20-20:16:01 (+0000),39.937,45.622
2018/06/20-20:16:02 (+0000),39.937,46.16
2018/06/20-20:16:03 (+0000),39.937,45.622
2018/06/20-20:16:04 (+0000),40,45.622
2018/06/20-20:16:04 (+0000),40,46.16
2018/06/20-20:16:05 (+0000),40,45.622
2018/06/20-20:16:06 (+0000),40,46.16
2018/06/20-20:16:07 (+0000),40.062,45.084
2018/06/20-20:16:08 (+0000),40.062,45.084
2018/06/20-20:16:09 (+0000),40.062,46.16
2018/06/20-20:16:10 (+0000),40.062,46.16
2018/06/20-20:16:11 (+0000),40.125,46.16
2018/06/20-20:16:11 (+0000),40.125,46.16
2018/06/20-20:16:12 (+0000),40.125,46.16
2018/06/20-20:16:13 (+0000),40.125,46.16
2018/06/20-20:16:14 (+0000),40.125,45.622
2018/06/20-20:16:15 (+0000),40.187,46.16
2018/06/20-20:16:16 (+0000),40.187,46.16
2018/06/20-20:16:17 (+0000),40.187,46.16
2018/06/20-20:16:18 (+0000),40.187,45.622
2018/06/20-20:16:19 (+0000),40.187,45.622
2018/06/20-20:16:19 (+0000),40.25,45.084
2018/06/20-20:16:20 (+0000),40.25,45.622
2018/06/20-20:16:21 (+0000),40.25,46.16
2018/06/20-20:16:22 (+0000),40.25,45.622
2018/06/20-20:16:23 (+0000),40.25,45.622
2018/06/20-20:16:24 (+0000),40.312,46.16
2018/06/20-20:16:25 (+0000),40.312,46.16
2018/06/20-20:16:26 (+0000),40.312,45.622
2018/06/20-20:16:27 (+0000),40.312,46.16
2018/06/20-20:16:27 (+0000),40.312,46.16
2018/06/20-20:16:28 (+0000),40.375,46.16
2018/06/20-20:16:29 (+0000),40.375,45.622
2018/06/20-20:16:30 (+0000),40.375,46.16
2018/06/20-20:16:31 (+0000),40.375,46.16
2018/06/20-20:16:32 (+0000),40.375,45.622
2018/06/20-20:16:33 (+0000),40.437,45.622
2018/06/20-20:16:34 (+0000),40.437,46.16
2018/06/20-20:16:34 (+0000),40.437,45.622
2018/06/20-20:16:35 (+0000),40.437,46.16
2018/06/20-20:16:36 (+0000),40.437,46.16
2018/06/20-20:16:37 (+0000),40.437,45.622
2018/06/20-20:16:38 (+0000),40.5,46.16
2018/06/20-20:16:39 (+0000),40.5,45.622
2018/06/20-20:16:40 (+0000),40.5,45.622
2018/06/20-20:16:41 (+0000),40.5,45.622
2018/06/20-20:16:41 (+0000),40.562,46.16
2018/06/20-20:16:42 (+0000),40.5,45.622
2018/06/20-20:16:43 (+0000),40.562,46.16
2018/06/20-20:16:44 (+0000),40.562,45.622
2018/06/20-20:16:45 (+0000),40.562,46.16
2018/06/20-20:16:46 (+0000),40.562,46.16
2018/06/20-20:16:47 (+0000),40.562,46.16
2018/06/20-20:16:48 (+0000),40.562,46.16
2018/06/20-20:16:49 (+0000),40.625,46.16
2018/06/20-20:16:49 (+0000),40.625,46.16
2018/06/20-20:16:50 (+0000),40.625,46.16
2018/06/20-20:16:51 (+0000),40.625,46.16
2018/06/20-20:16:52 (+0000),40.625,45.622
2018/06/20-20:16:53 (+0000),40.625,46.16
2018/06/20-20:16:54 (+0000),40.687,46.16
2018/06/20-20:16:55 (+0000),40.687,46.16
2018/06/20-20:16:56 (+0000),40.687,45.084
2018/06/20-20:16:56 (+0000),40.687,46.16
2018/06/20-20:16:57 (+0000),40.687,46.16
2018/06/20-20:16:58 (+0000),40.687,45.622
2018/06/20-20:16:59 (+0000),40.75,46.16
2018/06/20-20:17:00 (+0000),40.75,46.16
2018/06/20-20:17:01 (+0000),40.75,46.16
2018/06/20-20:17:02 (+0000),40.75,46.16
2018/06/20-20:17:03 (+0000),40.75,46.16
2018/06/20-20:17:03 (+0000),40.75,46.16
2018/06/20-20:17:04 (+0000),40.812,46.16
2018/06/20-20:17:05 (+0000),40.812,46.16
2018/06/20-20:17:06 (+0000),40.812,46.16
2018/06/20-20:17:07 (+0000),40.812,46.16
2018/06/20-20:17:08 (+0000),40.812,46.16
2018/06/20-20:17:09 (+0000),40.812,46.16
2018/06/20-20:17:10 (+0000),40.812,46.16
2018/06/20-20:17:11 (+0000),40.875,46.16
2018/06/20-20:17:11 (+0000),40.875,46.16
2018/06/20-20:17:12 (+0000),40.875,46.16
2018/06/20-20:17:13 (+0000),40.875,46.16
2018/06/20-20:17:14 (+0000),40.875,46.16
2018/06/20-20:17:15 (+0000),40.937,46.698
2018/06/20-20:17:16 (+0000),40.937,46.16
2018/06/20-20:17:17 (+0000),40.937,46.698
2018/06/20-20:17:18 (+0000),40.937,46.16
2018/06/20-20:17:18 (+0000),40.937,46.16
2018/06/20-20:17:19 (+0000),40.937,46.16
2018/06/20-20:17:20 (+0000),41,46.16
2018/06/20-20:17:21 (+0000),41,45.622
2018/06/20-20:17:22 (+0000),41,46.16
2018/06/20-20:17:23 (+0000),41,46.16
2018/06/20-20:17:24 (+0000),41,46.16
2018/06/20-20:17:25 (+0000),41,46.698
2018/06/20-20:17:25 (+0000),41.062,46.16
2018/06/20-20:17:26 (+0000),41.062,46.16
2018/06/20-20:17:27 (+0000),41.062,46.698
2018/06/20-20:17:28 (+0000),41.062,46.16
2018/06/20-20:17:29 (+0000),41.062,46.16
2018/06/20-20:17:30 (+0000),41.125,46.16
2018/06/20-20:17:31 (+0000),41.125,46.16
2018/06/20-20:17:32 (+0000),41.125,46.16
2018/06/20-20:17:33 (+0000),41.062,46.16
2018/06/20-20:17:33 (+0000),40.937,46.16
2018/06/20-20:17:34 (+0000),40.812,46.16
2018/06/20-20:17:35 (+0000),40.687,46.16
2018/06/20-20:17:36 (+0000),40.562,46.698
2018/06/20-20:17:37 (+0000),40.437,46.16
2018/06/20-20:17:38 (+0000),40.312,46.698
2018/06/20-20:17:39 (+0000),40.25,45.622
2018/06/20-20:17:40 (+0000),40.125,46.16
2018/06/20-20:17:41 (+0000),40.062,46.16
2018/06/20-20:17:41 (+0000),40,46.16
2018/06/20-20:17:42 (+0000),39.937,46.16
2018/06/20-20:17:43 (+0000),39.875,46.16
2018/06/20-20:17:44 (+0000),39.812,46.16
2018/06/20-20:17:45 (+0000),39.812,46.16
2018/06/20-20:17:46 (+0000),39.75,46.698
2018/06/20-20:17:47 (+0000),39.687,46.698
2018/06/20-20:17:48 (+0000),39.625,46.16
2018/06/20-20:17:48 (+0000),39.562,46.16
2018/06/20-20:17:49 (+0000),39.562,46.16
2018/06/20-20:17:50 (+0000),39.5,46.698
2018/06/20-20:17:51 (+0000),39.437,46.16
2018/06/20-20:17:52 (+0000),39.437,46.16
2018/06/20-20:17:53 (+0000),39.375,46.16
2018/06/20-20:17:54 (+0000),39.375,46.16
2018/06/20-20:17:55 (+0000),39.312,46.698
2018/06/20-20:17:55 (+0000),39.312,46.16
2018/06/20-20:17:56 (+0000),39.25,47.236
2018/06/20-20:17:57 (+0000),39.25,46.698
2018/06/20-20:17:58 (+0000),39.187,46.16
2018/06/20-20:17:59 (+0000),39.187,46.16
2018/06/20-20:18:00 (+0000),39.187,46.16
2018/06/20-20:18:01 (+0000),39.125,46.698
2018/06/20-20:18:02 (+0000),39.125,46.16
2018/06/20-20:18:03 (+0000),39.062,46.698
2018/06/20-20:18:03 (+0000),39.062,46.698
2018/06/20-20:18:04 (+0000),39.062,46.16
2018/06/20-20:18:05 (+0000),39.062,46.16
2018/06/20-20:18:06 (+0000),39,46.16
2018/06/20-20:18:07 (+0000),39,46.16
2018/06/20-20:18:08 (+0000),38.937,46.698
2018/06/20-20:18:09 (+0000),38.937,46.16
2018/06/20-20:18:10 (+0000),38.937,46.16
2018/06/20-20:18:11 (+0000),38.937,47.236
2018/06/20-20:18:11 (+0000),38.875,46.698
2018/06/20-20:18:12 (+0000),38.875,47.236
2018/06/20-20:18:13 (+0000),38.875,47.236
2018/06/20-20:18:14 (+0000),38.875,46.698
2018/06/20-20:18:15 (+0000),38.812,46.698
2018/06/20-20:18:16 (+0000),38.812,46.698
2018/06/20-20:18:17 (+0000),38.812,47.236
2018/06/20-20:18:18 (+0000),38.75,46.698
2018/06/20-20:18:18 (+0000),38.75,47.236
2018/06/20-20:18:19 (+0000),38.75,47.236
2018/06/20-20:18:20 (+0000),38.75,47.236
2018/06/20-20:18:21 (+0000),38.75,46.16
2018/06/20-20:18:22 (+0000),38.75,46.16
2018/06/20-20:18:23 (+0000),38.687,46.698
2018/06/20-20:18:24 (+0000),38.687,46.16
2018/06/20-20:18:25 (+0000),38.687,46.698
2018/06/20-20:18:25 (+0000),38.687,46.698
2018/06/20-20:18:26 (+0000),38.687,46.698
2018/06/20-20:18:27 (+0000),38.687,46.16
2018/06/20-20:18:28 (+0000),38.687,46.16
2018/06/20-20:18:29 (+0000),38.687,46.698
2018/06/20-20:18:30 (+0000),38.625,46.16
2018/06/20-20:18:31 (+0000),38.625,46.698
2018/06/20-20:18:32 (+0000),38.625,46.698
2018/06/20-20:18:33 (+0000),38.625,46.698
2018/06/20-20:18:33 (+0000),38.625,46.16
2018/06/20-20:18:34 (+0000),38.625,46.16
2018/06/20-20:18:35 (+0000),38.625,46.16
2018/06/20-20:18:36 (+0000),38.625,46.16
2018/06/20-20:18:37 (+0000),38.562,46.16
2018/06/20-20:18:38 (+0000),38.562,46.698
2018/06/20-20:18:39 (+0000),38.562,47.236
2018/06/20-20:18:40 (+0000),38.562,47.236
2018/06/20-20:18:41 (+0000),38.562,47.236
2018/06/20-20:18:41 (+0000),38.5,46.698
2018/06/20-20:18:42 (+0000),38.5,46.16
2018/06/20-20:18:43 (+0000),38.5,46.16
2018/06/20-20:18:44 (+0000),38.5,46.698
2018/06/20-20:18:45 (+0000),38.5,46.16
2018/06/20-20:18:46 (+0000),38.5,46.16
2018/06/20-20:18:47 (+0000),38.5,46.16
2018/06/20-20:18:48 (+0000),38.5,46.698
2018/06/20-20:18:49 (+0000),38.5,46.16
2018/06/20-20:18:49 (+0000),38.5,46.16
2018/06/20-20:18:50 (+0000),38.5,46.698
2018/06/20-20:18:51 (+0000),38.437,46.698
2018/06/20-20:18:52 (+0000),38.437,46.16
2018/06/20-20:18:53 (+0000),38.437,46.698
2018/06/20-20:18:54 (+0000),38.437,46.16
2018/06/20-20:18:55 (+0000),38.437,47.236
2018/06/20-20:18:56 (+0000),38.437,47.236
2018/06/20-20:18:56 (+0000),38.437,46.698
2018/06/20-20:18:57 (+0000),38.437,47.236
2018/06/20-20:18:58 (+0000),38.437,47.236
2018/06/20-20:18:59 (+0000),38.437,47.236
2018/06/20-20:19:00 (+0000),38.437,47.236
2018/06/20-20:19:01 (+0000),38.437,47.236
2018/06/20-20:19:02 (+0000),38.437,47.236
2018/06/20-20:19:03 (+0000),38.437,46.698
2018/06/20-20:19:03 (+0000),38.437,46.16
2018/06/20-20:19:04 (+0000),38.437,47.236
2018/06/20-20:19:05 (+0000),38.437,47.236
2018/06/20-20:19:06 (+0000),38.375,47.236
2018/06/20-20:19:07 (+0000),38.375,46.16
2018/06/20-20:19:08 (+0000),38.375,47.236
2018/06/20-20:19:09 (+0000),38.375,46.16
2018/06/20-20:19:10 (+0000),38.375,47.236
2018/06/20-20:19:11 (+0000),38.375,47.236
2018/06/20-20:19:11 (+0000),38.375,47.236
2018/06/20-20:19:12 (+0000),38.375,47.236
2018/06/20-20:19:13 (+0000),38.375,47.236
2018/06/20-20:19:14 (+0000),38.375,47.236
2018/06/20-20:19:15 (+0000),38.312,46.698
2018/06/20-20:19:16 (+0000),38.375,47.236
2018/06/20-20:19:17 (+0000),38.312,46.698
2018/06/20-20:19:18 (+0000),38.312,47.236
2018/06/20-20:19:18 (+0000),38.312,46.698
2018/06/20-20:19:19 (+0000),38.312,46.698
2018/06/20-20:19:20 (+0000),38.312,46.698
2018/06/20-20:19:21 (+0000),38.312,46.16
2018/06/20-20:19:22 (+0000),38.312,46.16
2018/06/20-20:19:23 (+0000),38.312,46.698
2018/06/20-20:19:24 (+0000),38.312,46.698
2018/06/20-20:19:25 (+0000),38.25,47.236
2018/06/20-20:19:26 (+0000),38.25,46.16
2018/06/20-20:19:26 (+0000),38.25,46.16
2018/06/20-20:19:27 (+0000),38.25,46.698
2018/06/20-20:19:28 (+0000),38.25,47.236
2018/06/20-20:19:29 (+0000),38.25,46.698
2018/06/20-20:19:30 (+0000),38.25,46.698
2018/06/20-20:19:32 (+0000),38.187,46.16
2018/06/20-20:19:33 (+0000),38.187,46.16
2018/06/20-20:19:33 (+0000),38.187,46.698
2018/06/20-20:19:34 (+0000),38.25,47.236
2018/06/20-20:19:35 (+0000),38.187,47.236
2018/06/20-20:19:36 (+0000),38.187,47.236
2018/06/20-20:19:37 (+0000),38.187,46.698
2018/06/20-20:19:38 (+0000),38.187,47.236
2018/06/20-20:19:39 (+0000),38.187,46.16
2018/06/20-20:19:40 (+0000),38.187,46.16
2018/06/20-20:19:41 (+0000),38.187,46.698
2018/06/20-20:19:41 (+0000),38.187,46.698
2018/06/20-20:19:42 (+0000),38.187,47.236
2018/06/20-20:19:43 (+0000),38.187,46.698
2018/06/20-20:19:44 (+0000),38.187,46.698
2018/06/20-20:19:45 (+0000),38.187,47.236
2018/06/20-20:19:46 (+0000),38.187,46.16
2018/06/20-20:19:47 (+0000),38.187,47.236
2018/06/20-20:19:48 (+0000),38.187,46.698
2018/06/20-20:19:48 (+0000),38.187,46.16
2018/06/20-20:19:49 (+0000),38.187,46.16
2018/06/20-20:19:50 (+0000),38.187,46.698
2018/06/20-20:19:51 (+0000),38.187,46.698
2018/06/20-20:19:52 (+0000),38.187,46.16
2018/06/20-20:19:53 (+0000),38.187,47.236
2018/06/20-20:19:54 (+0000),38.187,46.16
2018/06/20-20:19:55 (+0000),38.187,46.16
2018/06/20-20:19:55 (+0000),38.187,46.698
2018/06/20-20:19:56 (+0000),38.187,47.236
2018/06/20-20:19:57 (+0000),38.187,46.698
2018/06/20-20:19:58 (+0000),38.187,47.236
2018/06/20-20:20:00 (+0000),38.187,46.16
2018/06/20-20:20:01 (+0000),38.187,47.236
2018/06/20-20:20:02 (+0000),38.187,47.236
2018/06/20-20:20:03 (+0000),38.187,46.698
2018/06/20-20:20:03 (+0000),38.187,47.236
2018/06/20-20:20:04 (+0000),38.187,46.16
2018/06/20-20:20:05 (+0000),38.187,46.16
2018/06/20-20:20:06 (+0000),38.187,46.698
2018/06/20-20:20:07 (+0000),38.187,46.698
2018/06/20-20:20:08 (+0000),38.187,47.236
2018/06/20-20:20:09 (+0000),38.187,47.236
2018/06/20-20:20:10 (+0000),38.187,46.16
2018/06/20-20:20:11 (+0000),38.187,47.236
2018/06/20-20:20:12 (+0000),38.125,47.236
2018/06/20-20:20:13 (+0000),38.125,47.236
2018/06/20-20:20:14 (+0000),38.125,46.16
2018/06/20-20:20:15 (+0000),38.125,47.236
2018/06/20-20:20:16 (+0000),38.125,46.698
2018/06/20-20:20:17 (+0000),38.125,47.236
2018/06/20-20:20:17 (+0000),38.125,47.236
2018/06/20-20:20:18 (+0000),38.125,46.698
2018/06/20-20:20:19 (+0000),38.125,47.236
2018/06/20-20:20:20 (+0000),38.125,46.698
2018/06/20-20:20:21 (+0000),38.125,46.16
2018/06/20-20:20:22 (+0000),38.125,47.236
2018/06/20-20:20:23 (+0000),38.125,47.236
2018/06/20-20:20:24 (+0000),38.125,46.698
2018/06/20-20:20:25 (+0000),38.062,46.698
2018/06/20-20:20:25 (+0000),38.062,46.698
2018/06/20-20:20:26 (+0000),38.062,46.698
2018/06/20-20:20:27 (+0000),38.062,46.698
2018/06/20-20:20:28 (+0000),38.062,46.16
2018/06/20-20:20:30 (+0000),38.062,47.236
2018/06/20-20:20:31 (+0000),38.062,46.16
2018/06/20-20:20:32 (+0000),38.062,46.698
2018/06/20-20:20:32 (+0000),38.062,47.236
2018/06/20-20:20:33 (+0000),38.062,47.236
2018/06/20-20:20:34 (+0000),38.062,47.236
2018/06/20-20:20:35 (+0000),38.062,47.236
2018/06/20-20:20:36 (+0000),38.062,47.236
2018/06/20-20:20:37 (+0000),38.062,46.698
2018/06/20-20:20:38 (+0000),38.062,46.698
2018/06/20-20:20:39 (+0000),38.062,47.236
2018/06/20-20:20:39 (+0000),38.062,47.236
2018/06/20-20:20:40 (+0000),38.062,47.236
2018/06/20-20:20:41 (+0000),38.062,47.236
2018/06/20-20:20:42 (+0000),38.062,46.698
2018/06/20-20:20:43 (+0000),38.062,46.16
2018/06/20-20:20:44 (+0000),38.062,46.16
2018/06/20-20:20:45 (+0000),38.062,47.236
2018/06/20-20:20:46 (+0000),38.062,46.698
2018/06/20-20:20:47 (+0000),38.062,47.236
2018/06/20-20:20:47 (+0000),38.062,47.236
2018/06/20-20:20:48 (+0000),38.062,47.236
2018/06/20-20:20:49 (+0000),38.062,46.698
2018/06/20-20:20:50 (+0000),38.062,46.698
2018/06/20-20:20:51 (+0000),38.062,46.698
2018/06/20-20:20:52 (+0000),38.062,46.698
2018/06/20-20:20:53 (+0000),38.062,46.16
2018/06/20-20:20:54 (+0000),38.062,47.236
2018/06/20-20:20:55 (+0000),38.062,47.236
2018/06/20-20:20:55 (+0000),38.062,46.698
2018/06/20-20:20:56 (+0000),38.062,47.236
2018/06/20-20:20:57 (+0000),38.062,47.236
2018/06/20-20:20:58 (+0000),38.062,46.16
2018/06/20-20:20:59 (+0000),38.062,47.236
2018/06/20-20:21:00 (+0000),38.062,47.236
2018/06/20-20:21:01 (+0000),38.062,47.236
2018/06/20-20:21:02 (+0000),38.062,47.236
2018/06/20-20:21:02 (+0000),38.062,47.236
2018/06/20-20:21:03 (+0000),38.062,46.698
2018/06/20-20:21:04 (+0000),38.062,46.698
2018/06/20-20:21:05 (+0000),38.062,47.236
2018/06/20-20:21:06 (+0000),38.062,47.236
2018/06/20-20:21:07 (+0000),38.062,47.236
2018/06/20-20:21:08 (+0000),38.062,47.236
2018/06/20-20:21:09 (+0000),38.062,47.236
2018/06/20-20:21:09 (+0000),38.062,47.236
2018/06/20-20:21:10 (+0000),38.062,47.236
2018/06/20-20:21:11 (+0000),38.062,47.236
2018/06/20-20:21:12 (+0000),38.062,47.236
2018/06/20-20:21:13 (+0000),38.062,47.236
2018/06/20-20:21:14 (+0000),38.062,47.236
2018/06/20-20:21:15 (+0000),38.062,47.236
2018/06/20-20:21:16 (+0000),38.062,47.236
2018/06/20-20:21:17 (+0000),38.062,47.236
2018/06/20-20:21:17 (+0000),38.062,47.236
2018/06/20-20:21:18 (+0000),38.125,47.236
2018/06/20-20:21:19 (+0000),38.125,46.16
2018/06/20-20:21:20 (+0000),38.062,47.236
2018/06/20-20:21:21 (+0000),38.125,47.236
2018/06/20-20:21:22 (+0000),38.062,46.698
2018/06/20-20:21:23 (+0000),38.125,47.236
2018/06/20-20:21:24 (+0000),38.125,47.236
2018/06/20-20:21:24 (+0000),38.125,47.236
2018/06/20-20:21:25 (+0000),38.125,47.236
2018/06/20-20:21:26 (+0000),38.125,47.236
2018/06/20-20:21:27 (+0000),38.125,47.774
2018/06/20-20:21:28 (+0000),38.125,47.236
2018/06/20-20:21:29 (+0000),38.125,47.236
2018/06/20-20:21:30 (+0000),38.062,47.236
2018/06/20-20:21:31 (+0000),38.062,47.236
2018/06/20-20:21:31 (+0000),38.062,47.236
2018/06/20-20:21:32 (+0000),38.062,47.236
2018/06/20-20:21:33 (+0000),38.062,47.236
2018/06/20-20:21:34 (+0000),38.062,47.236
2018/06/20-20:21:35 (+0000),38.062,47.236
2018/06/20-20:21:36 (+0000),38.062,47.236
2018/06/20-20:21:37 (+0000),38.062,47.236
2018/06/20-20:21:38 (+0000),38.062,47.236
2018/06/20-20:21:39 (+0000),38.062,47.236
2018/06/20-20:21:39 (+0000),38.062,47.236
2018/06/20-20:21:40 (+0000),38.062,46.698
2018/06/20-20:21:41 (+0000),38.062,47.236
2018/06/20-20:21:42 (+0000),38.062,47.236
2018/06/20-20:21:43 (+0000),38.062,47.236
2018/06/20-20:21:44 (+0000),38.062,47.236
2018/06/20-20:21:45 (+0000),38.062,47.236
2018/06/20-20:21:46 (+0000),38.062,47.236
2018/06/20-20:21:46 (+0000),38.062,47.236
2018/06/20-20:21:47 (+0000),38.062,47.236
2018/06/20-20:21:48 (+0000),38.125,46.16
2018/06/20-20:21:49 (+0000),38.125,47.236
2018/06/20-20:21:50 (+0000),38.125,47.774
2018/06/20-20:21:51 (+0000),38.125,47.236
2018/06/20-20:21:52 (+0000),38.125,47.236
2018/06/20-20:21:53 (+0000),38.125,46.698
2018/06/20-20:21:53 (+0000),38.125,47.236
2018/06/20-20:21:54 (+0000),38.125,47.236
2018/06/20-20:21:55 (+0000),38.125,47.236
2018/06/20-20:21:56 (+0000),38.125,47.236
2018/06/20-20:21:57 (+0000),38.125,47.236
2018/06/20-20:21:58 (+0000),38.125,47.236
2018/06/20-20:21:59 (+0000),38.125,47.236
2018/06/20-20:22:00 (+0000),38.125,47.774
2018/06/20-20:22:01 (+0000),38.125,47.236
2018/06/20-20:22:01 (+0000),38.125,47.236
2018/06/20-20:22:02 (+0000),38.125,47.236
2018/06/20-20:22:03 (+0000),38.125,47.236
2018/06/20-20:22:04 (+0000),38.125,47.236
2018/06/20-20:22:05 (+0000),38.125,47.236
2018/06/20-20:22:06 (+0000),38.125,47.236
2018/06/20-20:22:07 (+0000),38.125,47.236
2018/06/20-20:22:08 (+0000),38.125,47.236
2018/06/20-20:22:09 (+0000),38.125,47.236
2018/06/20-20:22:09 (+0000),38.125,47.236
2018/06/20-20:22:10 (+0000),38.125,47.236
2018/06/20-20:22:11 (+0000),38.125,47.236
2018/06/20-20:22:12 (+0000),38.125,47.236
2018/06/20-20:22:13 (+0000),38.125,47.236
2018/06/20-20:22:14 (+0000),38.125,47.236
2018/06/20-20:22:15 (+0000),38.125,48.312
2018/06/20-20:22:16 (+0000),38.125,47.236
2018/06/20-20:22:16 (+0000),38.125,46.698
2018/06/20-20:22:17 (+0000),38.125,47.774
2018/06/20-20:22:18 (+0000),38.125,47.236
2018/06/20-20:22:19 (+0000),38.125,47.236
2018/06/20-20:22:20 (+0000),38.125,47.236
2018/06/20-20:22:21 (+0000),38.125,47.236
2018/06/20-20:22:22 (+0000),38.125,47.236
2018/06/20-20:22:23 (+0000),38.125,47.236
2018/06/20-20:22:23 (+0000),38.125,47.236
2018/06/20-20:22:24 (+0000),38.125,47.774
2018/06/20-20:22:25 (+0000),38.125,47.236
2018/06/20-20:22:26 (+0000),38.125,47.236
2018/06/20-20:22:27 (+0000),38.125,47.236
2018/06/20-20:22:28 (+0000),38.125,47.774
2018/06/20-20:22:29 (+0000),38.125,47.774
2018/06/20-20:22:30 (+0000),38.125,47.236
2018/06/20-20:22:31 (+0000),38.125,47.774
2018/06/20-20:22:31 (+0000),38.125,47.236
2018/06/20-20:22:32 (+0000),38.125,47.236
2018/06/20-20:22:33 (+0000),38.125,47.236
2018/06/20-20:22:34 (+0000),38.125,47.236
2018/06/20-20:22:35 (+0000),38.125,47.774
2018/06/20-20:22:36 (+0000),38.125,47.236
2018/06/20-20:22:37 (+0000),38.062,47.236
2018/06/20-20:22:38 (+0000),38.125,47.774
2018/06/20-20:22:38 (+0000),38.062,47.236
2018/06/20-20:22:39 (+0000),38.125,47.236
2018/06/20-20:22:40 (+0000),38.062,47.236
2018/06/20-20:22:41 (+0000),38.062,47.774
2018/06/20-20:22:42 (+0000),38.062,47.236
2018/06/20-20:22:43 (+0000),38.125,47.774
2018/06/20-20:22:44 (+0000),38.125,47.236
2018/06/20-20:22:45 (+0000),38.125,47.236
2018/06/20-20:22:45 (+0000),38.062,47.774
2018/06/20-20:22:46 (+0000),38,47.774
2018/06/20-20:22:47 (+0000),38,47.236
2018/06/20-20:22:48 (+0000),38,47.774
2018/06/20-20:22:49 (+0000),37.937,47.236
2018/06/20-20:22:50 (+0000),37.937,47.236
2018/06/20-20:22:51 (+0000),37.875,47.774
2018/06/20-20:22:52 (+0000),37.875,47.236
2018/06/20-20:22:53 (+0000),37.875,48.312
2018/06/20-20:22:53 (+0000),37.812,47.236
